<RequestPayload><AppHdr><Fr><OrgId><Id><OrgId><Othr><Id>750</Id></Othr></OrgId></Id></OrgId></Fr><To><FIId><FinInstnId><ClrSysMmbId><MmbId>RBI</MmbId></ClrSysMmbId></FinInstnId></FIId></To><BizMsgIdr>UA07500000000000002017072800001</BizMsgIdr><MsgDefIdr>camt.026.001.04</MsgDefIdr><BizSvc>UnableToApplyV04</BizSvc><CreDt>2017-07-28T11:03:31</CreDt></AppHdr><Document><UblToApply><Assgnmt><Id>UA07500000000000002017072800001</Id><Assgnr><Pty><Id><OrgId><Othr><Id>750</Id></Othr></OrgId></Id></Pty></Assgnr><Assgne><Pty><Id><OrgId><Othr><Id>RBI</Id></Othr></OrgId></Id></Pty></Assgne><CreDtTm>2017-07-28T11:03:31</CreDtTm></Assgnmt><Case><Id>0775020170728000001</Id><Cretr><Pty><Id><OrgId><Othr><SchmeNm><Prtry>SGST</Prtry></SchmeNm></Othr></OrgId></Id></Pty></Cretr><Undrlyg><Initn><OrgnlGrpInf><OrgnlMsgId>ERV504GSTN0000044120170719000001</OrgnlMsgId></OrgnlGrpInf><OrgnlEndToEndId>MAHB17070700001023</OrgnlEndToEndId><OrgnlInstdAmt Ccy="INR">1.00</OrgnlInstdAmt><ReqdExctnDt>2017-07-20</ReqdExctnDt></Initn></Undrlyg><Justfn><MssngOrIncrrctInf><IncrrctInf>MEIN01</IncrrctInf></MssngOrIncrrctInf></Justfn><SplmtryData><Envlp><AddtlTxInf>CIN is not reported by GSTN</AddtlTxInf></Envlp></SplmtryData></Case><Case><Id>0775020170728000002</Id><Cretr><Pty><Id><OrgId><Othr><SchmeNm><Prtry>SGST</Prtry></SchmeNm></Othr></OrgId></Id></Pty></Cretr><Undrlyg><Initn><OrgnlGrpInf><OrgnlMsgId>ERV504GSTN00000RBI20170719000N09</OrgnlMsgId></OrgnlGrpInf><OrgnlEndToEndId>RBIS17072900000838</OrgnlEndToEndId><OrgnlInstdAmt Ccy="INR">1.00</OrgnlInstdAmt><ReqdExctnDt>2017-07-19</ReqdExctnDt></Initn></Undrlyg><Justfn><MssngOrIncrrctInf><IncrrctInf>MEIN01</IncrrctInf></MssngOrIncrrctInf></Justfn><SplmtryData><Envlp><AddtlTxInf>CIN is not reported by GSTN</AddtlTxInf></Envlp></SplmtryData></Case><Case><Id>0775020170728000003</Id><Cretr><Pty><Id><OrgId><Othr><SchmeNm><Prtry>SGST</Prtry></SchmeNm></Othr></OrgId></Id></Pty></Cretr><Undrlyg><Initn><OrgnlGrpInf><OrgnlMsgId>ERV504GSTN0000222420170720003784</OrgnlMsgId></OrgnlGrpInf><OrgnlEndToEndId>SBIN17070700001002</OrgnlEndToEndId><OrgnlInstdAmt Ccy="INR">3628.00</OrgnlInstdAmt><ReqdExctnDt>2017-07-20</ReqdExctnDt></Initn></Undrlyg><Justfn><MssngOrIncrrctInf><IncrrctInf>MEIN01</IncrrctInf></MssngOrIncrrctInf></Justfn><SplmtryData><Envlp><AddtlTxInf>CIN is not reported by GSTN</AddtlTxInf></Envlp></SplmtryData></Case></UblToApply></Document></RequestPayload>