<RequestPayload><AppHdr><Fr><OrgId><Id><OrgId><Othr><Id>750</Id></Othr></OrgId></Id></OrgId></Fr><To><FIId><FinInstnId><ClrSysMmbId><MmbId>RBI</MmbId></ClrSysMmbId></FinInstnId></FIId></To><BizMsgIdr>UA07500000000000002017073100001</BizMsgIdr><MsgDefIdr>camt.026.001.04</MsgDefIdr><BizSvc>UnableToApplyV04</BizSvc><CreDt>2017-07-31T15:05:19</CreDt></AppHdr><Document><UblToApply><Assgnmt><Id>UA07500000000000002017073100001</Id><Assgnr><Pty><Id><OrgId><Othr><Id>750</Id></Othr></OrgId></Id></Pty></Assgnr><Assgne><Pty><Id><OrgId><Othr><Id>RBI</Id></Othr></OrgId></Id></Pty></Assgne><CreDtTm>2017-07-31T15:05:19</CreDtTm></Assgnmt><Case><Id>0775020170731000004</Id><Cretr><Pty><Id><OrgId><Othr><SchmeNm><Prtry>SGST</Prtry></SchmeNm></Othr></OrgId></Id></Pty></Cretr><Undrlyg><Initn><OrgnlGrpInf><OrgnlMsgId>ERV504GSTN0000073620170729000001</OrgnlMsgId></OrgnlGrpInf><OrgnlEndToEndId>CORP17070700001623</OrgnlEndToEndId><OrgnlInstdAmt Ccy="INR">1.00</OrgnlInstdAmt><ReqdExctnDt>2017-07-29</ReqdExctnDt></Initn></Undrlyg><Justfn><MssngOrIncrrctInf><IncrrctInf>MEIN01</IncrrctInf></MssngOrIncrrctInf></Justfn><SplmtryData><Envlp><AddtlTxInf>CIN is not reported by GSTN</AddtlTxInf></Envlp></SplmtryData></Case><Case><Id>0775020170731000005</Id><Cretr><Pty><Id><OrgId><Othr><SchmeNm><Prtry>SGST</Prtry></SchmeNm></Othr></OrgId></Id></Pty></Cretr><Undrlyg><Initn><OrgnlGrpInf><OrgnlMsgId>ERV504GSTN0000112020170728000001</OrgnlMsgId></OrgnlGrpInf><OrgnlEndToEndId>ICIC17070700001594</OrgnlEndToEndId><OrgnlInstdAmt Ccy="INR">17100.00</OrgnlInstdAmt><ReqdExctnDt>2017-07-29</ReqdExctnDt></Initn></Undrlyg><Justfn><MssngOrIncrrctInf><IncrrctInf>MEIN01</IncrrctInf></MssngOrIncrrctInf></Justfn><SplmtryData><Envlp><AddtlTxInf>CIN is not reported by GSTN</AddtlTxInf></Envlp></SplmtryData></Case><Case><Id>0775020170731000006</Id><Cretr><Pty><Id><OrgId><Othr><SchmeNm><Prtry>SGST</Prtry></SchmeNm></Othr></OrgId></Id></Pty></Cretr><Undrlyg><Initn><OrgnlGrpInf><OrgnlMsgId>ERV504GSTN0000184020170729000038</OrgnlMsgId></OrgnlGrpInf><OrgnlEndToEndId>ORBC17070700001666</OrgnlEndToEndId><OrgnlInstdAmt Ccy="INR">10000.00</OrgnlInstdAmt><ReqdExctnDt>2017-07-31</ReqdExctnDt></Initn></Undrlyg><Justfn><MssngOrIncrrctInf><IncrrctInf>MEIN01</IncrrctInf></MssngOrIncrrctInf></Justfn><SplmtryData><Envlp><AddtlTxInf>CIN is not reported by GSTN</AddtlTxInf></Envlp></SplmtryData></Case></UblToApply></Document></RequestPayload>