{
  "$schema": "http://json-schema.org/draft-04/schema#",
  "type": "object",
  "properties": {
		"num_files ": {
			"description": "Number of files generated  ",
			"type": "integer",
			"maxLength": 4
		},
		"eod_closed ": {
			"description": "End of the day closed",
			"type": "string",
			"maxLength":3
		},
		"date": {
			"description": "Date of Request",
			"type": "string",
			"maxLength":10
		}
  },
  "required": [
    "num_files ",
    "eod_closed ",
    "date "
   
  ]
}