{
  "$schema": "http://json-schema.org/draft-04/schema#",
  "type": "object",
  "properties": {
	"url": {
	  "description":"URL of the File",
	  "type": "string",
	  "maxlength":150
	},
	"date": {
	  "description":"Date of the file in DD/MM/YYYY format",
	  "type": "string",
	  "length":10
	},
	"file_num": {
	  "description":"File Number",
	  "type": "integer",
	  "maxlength":4
	},
	"cnt": {
	  "description":"Total record count",
	  "type": "number",
	  "maxlength":6
	},
	  "hash": {
	  "description":"hash value of the file",
	  "type":"string",
	  "maxlength":300
	}
  },
  "required": [
    "url",
	"date",
    "file_num",
    "cnt",
    "hash"
  ]
}